Rzeczywiste_zmeczenie,Przewidywane_zmeczenie
1.0,0.89015186
8.9,8.158796
1.0,0.8401493
1.8,2.2053638
4.4,5.860928
1.3,1.460934
2.2,1.5380415
2.2,2.3906088
4.4,3.474098
1.0,2.4523547
5.3,4.998576
6.7,9.001983
8.0,8.885399
1.0,0.9243598
5.7,5.526886
5.6,4.2962117
5.1,5.328145
1.3,1.5230296
3.1,3.9403205
1.0,0.93339944
7.3,6.5387454
1.0,1.8336456
1.0,1.1376293
5.7,6.1655436
2.1,2.0350819
1.0,0.9907424
1.0,1.8535225
3.6,2.5334249
4.3,3.9338446
1.8,2.0139067
1.0,1.0744603
1.0,2.116224
6.5,7.701097
10.0,10.386027
1.7,3.840263
3.0,2.7963176
4.6,1.507739
4.1,5.3887253
3.9,3.767494
2.8,2.396266
3.5,3.32331
5.2,5.515222
1.0,1.1617135
6.2,5.175032
4.6,5.974854
1.0,1.209385
5.2,6.105638
4.7,4.500501
1.0,1.8202103
3.2,2.5754893
5.0,2.922076
3.6,3.8430796
4.3,4.1107492
1.0,0.6956795
2.7,3.988989
3.0,2.6325817
1.0,0.99936885
2.7,2.7171185
1.0,1.577662
10.0,9.9053135
1.0,1.3557069
4.2,3.5332305
1.0,1.0406673
1.9,3.6465087
3.2,2.8251305
1.0,1.2260983
3.7,4.020295
1.0,0.7292744
1.6,3.424173
9.0,8.087425
1.0,0.9403246
8.4,6.5575533
1.0,1.1122395
1.0,2.192457
3.5,2.041238
3.3,2.7768462
1.0,1.8266604
6.3,6.947118
6.7,5.0873547
1.0,0.8426877
1.0,1.6609602
5.0,5.1961865
3.3,4.402348
1.0,1.3595816
10.0,10.438741
2.2,2.5089035
5.2,4.984575
1.0,1.4289014
3.1,1.7798792
1.2,1.4366152
4.5,4.26762
5.7,3.5387247
1.9,3.5988898
8.0,6.063395
5.2,2.529895
7.5,6.87645
2.6,2.1358263
4.7,2.8799396
5.2,4.3848324
8.7,7.920253
9.8,8.769234
10.0,10.463803
4.8,1.3521616
1.0,1.6035507
1.0,2.8017025
6.6,6.921819
7.4,8.396673
3.4,5.070826
1.0,1.0779135
2.0,1.0521455
7.5,7.400129
4.6,3.865182
1.8,1.8505151
1.0,0.890355
2.2,2.217584
2.8,1.2385428
1.0,1.0365078
5.6,3.9275653
5.7,5.5363436
3.2,1.7743573
2.5,4.5249343
2.0,2.1739204
2.6,1.496579
1.0,0.9770429
7.8,8.079346
3.3,3.377238
2.4,2.9234033
1.0,2.119706
6.8,7.460734
6.6,6.2819967
3.5,3.9565272
1.0,1.6462349
2.2,0.97716224
4.9,5.8793626
9.2,7.3184667
1.0,2.7196739
7.4,5.977836
1.0,2.9566774
7.0,5.1531253
1.0,1.0846491
7.3,5.8828306
1.0,0.47191805
5.0,5.622584
1.2,2.6331973
5.1,5.632396
7.0,6.1174674
1.0,1.2964948
1.0,1.1010579
3.2,1.9125898
2.7,5.105993
10.0,10.189535
7.7,8.038865
3.2,2.1669114
2.2,4.22176
4.2,2.1926987
6.0,3.2913902
2.6,2.6615317
1.0,1.4821491
9.8,8.552209
2.8,2.2083828
1.0,1.181854
5.2,2.3076982
9.7,9.690959
1.4,2.513393
5.9,5.886928
1.0,1.3933758
4.5,3.4119475
1.0,2.8517148
1.0,0.76905715
10.0,9.297429
3.5,3.189645
1.0,1.2801473
4.9,3.157753
7.1,6.950109
4.2,4.705118
1.0,0.79757845
5.2,6.0124655
1.0,0.8654498
4.7,5.129407
3.6,3.5686986
2.7,2.258078
1.6,3.0688019
1.0,1.1200758
3.3,2.1609228
3.1,1.8859466
1.0,1.5402825
4.2,6.0029287
1.0,3.4023838
1.0,0.7038229
3.8,4.8335037
1.7,2.336216
2.4,2.7501395
1.0,1.6403719
1.0,1.5091627
4.8,2.0921853
3.1,1.5777314
1.0,1.1686927
4.2,5.444424
4.1,3.1915815
1.0,1.2618995
4.1,3.916912
3.0,2.8943775
4.1,4.578407
10.0,9.86302
9.6,6.1518207
3.3,2.9726245
6.1,6.744161
1.9,3.377604
4.5,3.5288944
5.4,6.060771
6.2,5.9403057
8.4,7.9802966
8.4,7.158456
1.0,1.4099804
6.3,5.59814
1.0,3.0046234
5.1,5.1847115
2.2,2.055835
8.0,8.346265
3.5,4.060897
1.0,0.88363105
1.0,1.8531822
7.8,6.6524763
6.3,3.5028403
3.3,3.623258
2.2,1.9859084
2.6,3.0678606
1.0,1.0604317
4.3,5.5537224
1.3,1.6521304
6.0,3.8123431
5.3,4.9936347
2.6,1.8066986
7.4,7.8402176
2.6,3.3538175
4.8,3.6035705
8.8,8.028694
2.5,2.7336657
2.2,1.4494752
7.6,8.673654
1.0,1.0243667
5.4,4.680122
8.7,9.138053
1.0,2.0199924
10.0,10.518576
2.1,1.5136092
3.3,5.4382415
4.9,2.376757
6.2,8.721219
1.0,1.2610201
1.0,1.1585926
10.0,9.296664
3.7,5.6850696
1.0,1.2360541
1.0,1.136897
5.3,2.8212059
3.4,2.2845058
5.0,4.854752
1.0,0.9209361
5.8,5.491659
1.0,1.360847
1.0,1.3602972
6.7,7.364062
1.6,1.7540404
1.0,2.7524123
1.0,1.3320152
1.6,2.521168
1.0,2.443285
10.0,8.709583
3.1,4.1956253
6.8,4.176447
1.0,1.7726588
3.5,2.6075358
7.4,6.5524464
7.2,6.8105135
6.6,8.090471
5.8,5.3215666
2.6,1.4412524
1.4,2.0125513
7.8,9.394332
4.4,3.7649667
3.6,1.4717295
2.3,3.6605487
5.0,5.436775
3.6,3.2430456
7.8,6.632978
4.8,2.7675931
3.5,2.7892737
5.8,7.1727304
4.7,4.296407
4.6,4.4709206
9.5,8.4235935
8.6,7.327031
1.0,1.1042601
3.8,4.371428
1.2,2.151419
5.8,4.4800262
1.0,1.8818712
6.2,6.2567744
1.2,0.98179674
2.2,2.4821177
5.3,7.4014363
1.0,1.8562871
6.0,5.5130577
1.0,1.2209141
3.8,3.3844578
4.9,5.9590282
1.0,1.1831961
1.0,2.1388834
1.0,1.1891954
1.0,2.0568488
10.0,8.413633
4.3,3.2544816
5.3,2.5267751
10.0,10.049023
1.0,0.99202406
3.9,2.8932185
1.1,2.4782429
3.7,5.42512
2.2,2.255854
1.9,2.1071038
1.0,1.0764681
1.4,2.6488714
8.5,5.9318414
1.0,1.1490562
3.3,4.246645
4.3,3.9394028
1.4,2.0427809
4.9,4.220355
3.1,3.7108302
1.0,1.4119092
2.4,3.6434186
8.3,9.980442
6.9,7.337737
2.7,3.714114
4.0,4.69474
4.8,2.7188475
2.2,3.4925125
1.0,1.1515803
8.0,5.801936
7.5,8.57604
5.0,6.763908
1.0,1.2191628
3.7,2.0913458
8.2,5.8936715
1.0,1.5271112
8.7,9.030255
5.0,5.4368277
6.3,8.279863
7.9,6.047847
1.0,2.4755073
4.9,4.898655
1.0,1.2613498
1.0,3.1237524
1.0,1.1843392
1.7,0.9976651
1.0,1.1358083
6.3,5.809623
6.5,5.944103
4.1,5.2097063
6.4,5.238257
2.2,4.3427787
3.9,5.224393
4.7,4.919347
5.1,5.0723724
3.4,3.0625942
5.1,3.6453142
1.0,1.119395
4.7,2.937791
5.2,5.9927554
2.2,5.1062336
6.3,7.5428586
1.0,0.90211874
7.4,5.000946
10.0,9.093002
4.9,2.8987868
5.1,3.8759398
3.9,3.8171792
8.7,6.9163566
5.3,2.2946353
1.6,1.2194765
5.4,5.5972333
2.1,2.5346591
1.0,1.6828895
7.6,9.207321
1.0,1.0816139
8.7,6.8546867
1.0,1.0833457
8.7,7.5245023
4.3,4.253644
4.6,5.4098635
6.8,5.1537776
4.3,3.968503
7.3,6.353832
4.0,2.431594
5.3,6.954746
7.8,7.3320513
1.2,1.7996064
3.8,4.8484044
1.0,1.0023444
3.8,5.155142
10.0,9.054248
1.0,3.6637733
4.4,5.141512
1.0,1.3110877
4.8,3.2307818
1.7,1.6504003
4.4,7.3384075
5.5,4.2460566
1.3,2.1850913
8.0,8.700805
7.3,8.1077385
1.0,1.2053775
2.2,3.1422107
1.7,1.6804962
3.2,4.533579
3.4,2.1179001
1.0,3.827652
6.6,5.6444507
9.6,8.70104
8.5,6.6410985
1.0,0.88503927
1.0,1.4154358
4.7,4.1520357
8.2,8.260348
8.9,6.128429
2.0,1.7362213
7.2,6.2483115
1.0,1.0731518
1.4,1.2567871
6.3,2.2845228
9.5,9.379405
1.0,1.0548595
3.7,3.3645127
2.6,2.3261802
6.5,4.9703684
3.6,4.243081
1.0,1.0600418
3.7,3.4931061
5.0,4.824051
3.8,1.5214204
1.0,0.9643597
3.5,2.5955186
6.9,6.168319
3.2,3.0983613
2.5,1.5891736
2.8,1.7151464
7.8,8.579705
6.1,4.7943907
1.0,1.3115386
6.3,5.871427
1.0,1.0163517
6.0,5.198242
1.0,1.3881555
4.7,6.185282
1.0,1.4682378
1.0,2.9466074
3.3,3.2710748
2.1,1.3893669
1.9,2.9430149
8.8,8.786679
1.0,2.33309
3.8,4.251095
3.1,2.5585976
1.0,0.7455211
3.7,2.6667783
3.8,3.3993828
4.9,5.9223557
3.3,3.8218145
2.8,3.6028898
1.0,1.1219572
2.2,4.066442
7.3,4.5495005
1.0,2.0971386
6.8,7.901577
1.0,3.7032998
6.2,6.401532
5.7,4.770224
1.0,1.0474538
1.0,1.380154
1.1,1.2908196
1.7,2.1757927
2.1,3.063278
1.0,1.146542
2.6,3.3406363
2.5,3.457663
4.2,4.239692
8.0,8.600149
1.0,2.2887156
2.0,1.9600333
1.7,1.9180743
2.3,2.5110795
7.1,5.8378325
1.0,1.1378335
2.5,1.8698473
10.0,10.923634
2.0,2.940469
6.0,4.565903
1.0,0.98037016
8.5,8.333828
1.0,1.016342
6.5,5.8076077
6.7,7.0799074
3.7,2.6294692
3.4,3.0705745
1.0,1.1487836
1.0,1.0165937
6.2,6.7724814
2.2,3.175254
1.0,1.6433213
5.5,3.6672525
5.8,4.9674783
4.8,4.7352843
1.0,1.1281769
1.0,2.127746
10.0,9.168212
10.0,9.120565
10.0,9.41494
3.1,3.7885349
3.2,2.207778
7.8,5.5751934
1.0,1.9250647
5.2,1.8815513
10.0,9.612925
1.0,2.5019126
3.4,6.321767
4.2,2.426916
5.4,6.2720656
4.1,5.0959053
6.0,4.542687
1.0,1.3492234
1.0,2.111493
2.7,1.1635326
2.8,1.3111581
6.3,4.032039
5.0,3.8500702
7.3,8.685926
4.6,4.7092543
8.0,6.1302757
3.5,5.3333807
1.4,2.8863301
9.4,7.7526197
3.8,3.6562765
2.8,2.2394354
10.0,9.806755
9.0,9.695142
6.3,3.2710583
6.7,3.6012254
3.2,3.204778
1.6,1.7666963
9.7,10.189575
4.7,7.013443
5.3,4.1313915
4.8,6.1693506
1.0,1.1206076
1.0,0.7887628
5.4,4.2233477
5.0,4.2219577
2.4,2.309151
7.8,7.0653067
1.0,1.4539211
7.0,6.145865
8.7,7.801946
4.0,4.2564197
1.0,3.3582816
6.4,7.487974
5.3,4.189471
1.0,1.4190853
2.8,2.2272837
1.2,1.166687
4.5,4.6130004
7.1,5.713854
4.8,5.183177
3.3,3.8584566
1.0,1.7537254
5.3,5.066311
1.0,1.4618095
1.0,1.1222476
1.0,1.3063806
1.5,1.0738423
1.0,1.1461563
6.1,7.2397804
4.6,4.1306844
2.3,1.6960099
2.1,3.0516052
4.8,3.1334434
10.0,9.719634
10.0,7.8383937
1.0,1.4176555
6.1,3.449528
1.0,2.0627909
3.7,5.653234
3.6,4.4417834
4.0,4.9669876
1.0,3.1137173
4.3,4.967545
1.0,1.5135143
2.1,3.6573675
6.4,5.817118
5.3,5.190728
2.8,1.3804557
3.1,1.9955652
8.8,8.904469
1.0,1.2125951
4.9,5.8442674
3.5,1.2140595
1.0,1.1584367
7.4,6.6225243
1.0,0.9634271
1.0,1.23482
1.0,2.512579
10.0,8.893692
3.4,4.9603767
7.9,6.390655
1.0,1.070245
3.6,2.8858266
6.9,3.5411692
6.3,3.9957442
1.0,0.95466375
6.9,6.5501084
10.0,8.663311
1.0,1.3273784
1.0,1.5319326
1.0,2.0309799
1.0,0.6942286
1.0,0.92112565
3.9,3.5218465
3.7,2.504494
1.0,1.6581922
7.5,5.0663185
1.4,1.3773597
5.0,5.1373467
2.6,2.5354347
4.9,3.844846
1.0,2.3610787
1.0,1.1135788
2.0,2.5451226
2.2,1.9798506
1.6,1.7941661
3.5,4.2436504
4.1,2.098795
2.7,3.276742
2.8,1.2493613
4.5,3.747148
8.1,6.6493726
6.7,3.508326
1.0,1.1313752
1.1,1.6601945
6.1,3.878169
1.0,1.0696477
9.2,7.025109
8.0,6.6016545
6.5,6.271699
2.4,3.2508292
1.0,1.4823241
5.0,4.7685795
9.1,6.6104674
3.0,3.6788437
3.7,3.5078473
2.2,1.3317826
2.6,3.103799
1.6,2.6904914
1.0,2.6382809
7.1,5.597354
10.0,9.70999
4.3,5.1586976
1.4,3.3441892
4.2,4.1534085
1.0,0.9849431
1.0,1.1456789
1.0,1.154562
1.0,0.78390425
2.9,2.4153748
1.0,2.1355748
3.4,3.0138724
5.2,3.0164878
1.1,1.3216282
5.7,5.7528973
7.1,6.747068
5.2,3.4242935
5.1,6.4086857
2.4,2.662655
7.3,7.2343326
1.0,1.331867
5.1,7.6190495
1.0,1.0255808
4.1,2.6124885
7.3,6.036393
9.4,8.495187
6.6,5.1324615
4.2,3.9219453
9.0,9.362267
4.3,4.5446477
1.1,2.4077892
7.8,7.189792
3.6,3.0134726
5.8,4.344437
1.0,1.3709179
3.1,3.8468564
1.0,1.8437812
2.1,3.22646
3.7,3.3133254
9.5,9.890102
1.0,1.1753825
2.7,4.224038
1.0,1.4296291
1.0,0.7828367
3.3,4.4452314
6.5,7.396249
1.1,1.2961892
2.0,2.9104543
6.5,5.233045
5.7,4.5368857
1.0,1.1522802
1.7,2.114308
1.9,3.8646245
1.0,1.369227
1.0,2.2708392
5.1,4.2242546
3.1,3.9564912
5.8,4.9583282
4.3,3.5049877
8.8,9.430884
1.0,2.6557868
1.0,1.119357
8.8,7.6099534
6.0,5.417383
5.3,5.620259
1.0,1.1989071
2.7,1.3344084
4.1,4.124902
2.4,2.8571174
4.6,4.3919225
4.5,3.865678
1.0,1.8501554
4.3,1.9108725
1.0,1.4482409
1.0,0.84386146
2.0,2.6155338
2.8,3.3658493
4.8,4.342991
1.0,1.325238
4.1,2.896755
4.2,4.7410297
2.7,2.457718
1.0,1.0679045
9.7,8.017572
5.2,4.8693404
1.0,1.1054809
1.1,2.8957691
6.0,4.3294945
3.3,7.127946
8.4,5.367195
3.4,5.298006
5.0,7.486095
9.7,8.253321
1.0,1.9585782
1.0,1.5519035
1.0,0.81889534
3.1,2.9162338
1.0,2.334376
1.0,0.855349
3.9,4.2763677
4.9,7.10665
4.0,2.8359933
1.0,1.016307
2.0,3.9505432
5.6,7.15824
8.1,5.821745
1.0,1.2388463
7.4,6.003911
1.5,3.1294768
1.0,1.5768559
6.2,4.325394
1.0,1.0014732
1.0,1.2107363
8.2,8.671658
3.6,2.9347603
2.9,2.4802449
1.0,1.3968672
4.9,5.7819285
2.1,1.2456906
3.5,4.4296365
1.1,2.0314271
1.7,4.33644
1.0,2.0162926
2.6,3.1984673
4.3,2.0670004
8.3,8.783196
1.5,2.4789612
1.0,1.6750088
7.7,4.931632
10.0,9.598918
6.8,5.4525604
2.8,4.4198427
1.6,1.55572
2.3,3.5530086
5.8,5.165064
2.7,4.0101275
9.1,7.472965
9.5,8.637581
5.2,4.9434285
3.6,4.009588
2.2,3.9597032
9.8,7.798191
7.6,8.231226
2.1,2.5185287
1.1,1.4059756
3.6,3.653942
3.3,1.689651
4.3,5.881261
2.8,3.126893
7.6,6.715402
8.9,8.323853
4.3,4.4726048
1.0,1.2478766
1.0,2.139003
2.5,3.0156078
1.3,1.3504051
10.0,9.5950165
3.2,1.4193394
10.0,10.0161085
10.0,8.521361
1.0,0.94902366
1.0,1.1846699
3.4,3.550461
1.0,1.0516834
2.3,3.8222258
1.0,1.3341261
1.0,1.2346959
2.4,4.395333
2.7,1.2880578
4.9,5.161606
1.9,3.2933652
3.0,5.2486415
1.0,1.0432984
1.2,1.3331127
4.2,5.1259227
2.3,1.7557378
2.5,4.4867716
10.0,9.839038
10.0,10.7684145
3.5,3.3503947
1.0,2.4591818
1.3,1.520396
5.0,1.619336
7.4,8.9604645
6.1,7.536411
4.8,3.9024894
8.8,7.811899
1.0,1.0320598
1.0,1.3993455
5.0,4.7642756
2.2,3.5974145
2.3,1.2315613
4.9,3.1738858
2.6,3.448246
3.2,2.7445052
7.6,6.3173933
1.0,0.9042248
7.0,5.3289514
2.1,3.518344
1.6,4.2828484
9.1,7.9781423
1.3,2.2240949
1.0,1.7754599
3.8,3.9183612
6.2,6.7559614
1.0,0.7936234
3.5,3.1599457
7.2,5.31055
2.0,1.4415797
1.0,1.0471916
5.5,5.5795655
3.5,3.6316905
3.9,3.099018
6.4,3.2303145
2.5,2.2799277
3.9,4.800656
4.2,2.8076484
5.7,5.061145
1.0,1.7397159
1.0,1.6479887
7.2,6.3030915
6.8,6.5908127
3.5,1.2868305
3.3,2.944978
6.1,7.430118
1.5,2.5611312
3.9,3.6610894
7.5,8.693037
6.3,5.7633243
6.9,5.398366
6.7,7.067786
1.7,2.035658
1.0,1.2557468
1.2,1.9301572
2.1,4.3870134
3.5,3.628049
1.3,1.3184382
1.8,3.0745916
4.8,3.2744665
9.7,7.9465284
8.7,6.1312933
6.4,4.065354
1.0,1.3829496
5.2,6.0246387
6.2,4.9053445
6.2,7.814832
10.0,9.775259
10.0,10.435631
6.0,5.5800824
2.6,3.2831995
3.4,1.8217639
4.1,2.3203347
5.5,4.876532
3.5,3.576764
6.5,6.711127
2.0,1.3750386
8.0,9.220172
1.3,1.9509246
6.0,5.9847975
9.5,6.9013696
4.6,3.0024118
1.0,1.2442127
3.3,1.9678092
6.2,6.626948
2.8,1.80998
3.7,2.6944554
10.0,10.467408
2.3,1.404186
1.5,3.0897593
1.6,1.8063129
1.1,2.121287
1.0,1.2138314
7.0,5.6532264
1.0,1.636825
4.3,2.2453973
5.4,6.21589
3.3,3.42722
1.4,2.728944
9.3,8.30164
3.0,3.5859632
1.0,0.91260904
3.2,1.2865608
8.6,7.7227597
1.0,0.85042876
2.5,2.6318722
1.0,2.4074883
5.6,5.6317863
1.0,1.6739365
3.9,1.7665783
4.6,2.0265894
5.1,3.6933384
1.0,1.7010484
1.0,1.0968536
3.0,4.56346
1.0,1.8543686
4.7,3.2744715
4.5,3.7967248
1.1,2.689373
10.0,8.720476
4.8,6.2562027
2.8,3.1106062
4.2,3.8584883
4.0,4.058545
3.4,3.3916743
5.5,5.789009
1.0,1.4347419
2.8,3.8316872
2.5,2.474053
2.9,4.217452
3.2,2.1953852
1.0,1.0849506
1.0,0.9436973
1.0,1.4469458
1.0,1.9133302
1.0,1.1083215
5.0,5.5656533
3.1,4.787418
3.2,3.285374
1.0,1.1566106
1.0,2.085251
5.3,3.1475873
1.0,1.021154
1.0,2.024574
9.6,7.3204336
1.3,4.3072224
4.0,5.493979
1.0,1.7283095
5.2,4.1940136
9.2,7.637571
5.0,3.9762785
10.0,9.927878
7.4,6.848792
3.8,4.2877603
2.3,4.3078604
1.0,1.2942911
4.6,2.9950707
3.5,3.9392445
2.6,5.237366
3.3,4.156654
1.0,4.4243183
1.7,2.7135568
4.7,1.6659985
3.2,4.528281
5.6,5.061796
1.0,1.108723
4.3,6.0053687
3.8,4.7653575
1.0,1.5642158
8.7,9.563092
1.0,1.271687
7.7,7.9462667
8.4,7.7953176
1.0,1.073067
1.1,1.6094083
1.9,2.2429073
1.0,2.8916516
5.6,3.9673498
3.4,4.38348
3.6,5.9710603
1.0,1.5385268
1.6,2.0709734
1.0,0.9947273
4.2,2.6776493
4.8,2.9613338
4.9,5.126393
10.0,10.209973
1.0,2.0918925
10.0,9.279827
2.0,4.860934
2.5,1.7489631
8.7,6.4263916
5.9,4.2639194
7.6,6.33715
3.8,4.0495787
1.0,0.8256978
10.0,9.631023
1.0,1.3620939
1.0,1.828432
2.2,2.9725885
2.4,1.9859872
1.6,1.9271655
4.2,4.078546
3.3,4.5402694
3.0,3.5980206
6.2,6.6653466
6.6,5.4652677
10.0,9.789136
5.4,6.310329
5.5,4.3505645
1.0,0.92198527
3.1,3.2690408
4.6,4.462466
3.3,1.4817321
1.0,1.5927299
5.1,4.2610683
1.0,3.3111622
2.3,3.6046278
1.0,1.5754789
4.1,4.4204836
10.0,9.889321
1.6,1.2459399
1.5,1.8452406
2.6,4.9847155
2.2,2.8178654
6.8,7.28171
3.7,4.135807
7.1,5.9262133
1.0,2.4958994
1.0,2.9049423
2.5,3.287002
1.0,1.690885
3.7,1.8601338
8.0,7.772678
3.0,3.6759415
1.0,1.1152018
6.1,6.396028
1.0,1.7743917
2.9,2.3437254
2.4,3.2724657
3.8,3.9663615
1.0,1.3453524
7.9,8.885109
1.0,1.0794137
1.8,1.9134582
2.2,2.7089045
1.0,1.6226176
1.0,2.0481355
1.0,1.3025277
5.3,5.30204
1.0,1.1697444
4.1,2.6567402
7.3,8.306419
2.4,1.1732763
4.8,3.9676287
1.0,1.320827
5.6,6.133672
5.2,6.4536424
1.0,1.3317652
1.0,1.2184546
10.0,7.692931
1.0,1.7494888
3.4,4.8508143
4.5,4.868481
4.2,4.4330163
1.0,1.0344737
10.0,8.721036
6.8,6.8075204
1.0,1.1240721
3.8,2.7659295
9.3,7.094134
1.0,1.0351142
1.0,1.0709589
7.3,5.540929
2.7,2.3925922
4.2,6.397637
4.1,3.5901673
3.1,3.6384087
1.0,1.0298434
4.0,1.7925786
7.9,8.257579
6.2,4.4106765
8.9,9.699701
3.8,2.872364
5.3,4.2575483
1.0,1.766835
5.6,5.3524904
1.0,2.4135487
4.3,4.743822
1.6,1.7408774
4.6,5.9352937
3.2,2.5729318
1.0,1.1297524
4.8,3.5444844
10.0,9.052589
5.6,4.2275076
5.3,4.4325814
7.4,9.018151
2.7,2.8391163
1.0,1.2565138
8.1,8.696462
6.4,5.4082217
3.1,4.037579
3.8,3.635922
9.0,8.782291
4.6,6.7103853
10.0,9.831887
1.0,1.0869778
4.3,4.7550683
3.6,3.6876366
2.2,2.4741635
1.6,1.9892961
7.1,7.5748672
2.7,1.6260257
5.6,6.5523777
4.4,5.578358
3.4,2.3992455
1.4,1.7808892
5.5,6.2945127
2.0,2.1310687
3.3,4.943473
1.0,1.0754485
2.4,1.1311867
4.2,5.8592644
1.0,1.2894864
7.3,6.3541746
2.7,2.7372103
1.0,0.61977607
1.0,1.8785068
2.3,3.0891538
1.0,1.442123
1.1,2.8385696
4.6,2.3217218
4.8,3.0709248
1.0,2.2746933
1.0,1.5869956
1.0,2.0361116
2.5,3.4161143
1.0,1.2860554
9.5,8.439858
3.9,2.8502197
4.4,1.9853977
1.0,1.3256664
1.5,2.977109
1.0,1.1119546
1.0,0.8462309
1.0,1.7316169
1.0,1.7515769
7.8,7.319445
4.3,3.1762822
5.5,5.97484
6.4,5.304609
6.5,5.423223
2.0,1.6202804
1.0,1.178625
1.8,2.9709132
1.0,1.6734812
3.9,3.7071846
1.9,1.3997891
2.2,2.9232612
1.9,2.6680288
2.7,2.1895318
5.4,6.3081536
6.0,5.2470703
3.4,5.751596
1.0,1.6313479
4.1,2.5137653
2.8,2.1090355
1.0,1.269683
1.0,0.84230816
5.0,4.531597
5.7,3.0077245
1.0,1.1306086
3.2,3.93247
3.9,2.9135883
1.0,0.93143594
1.1,2.291602
3.8,4.358783
5.2,5.5746584
10.0,10.022485
2.9,2.2868729
5.9,3.517714
6.8,7.847675
6.0,3.7833803
8.1,7.315113
1.0,1.1109729
2.5,1.63848
1.0,1.3907936
2.1,3.160384
9.3,7.93977
10.0,9.456681
10.0,7.555939
4.1,3.7660105
8.7,6.861004
1.0,1.113895
1.0,1.3728106
4.3,6.2008343
1.0,1.9630358
3.8,4.9348726
1.0,1.1591593
5.1,6.4794836
8.6,8.690507
3.6,3.4012308
6.0,4.721321
1.0,1.0782884
1.0,1.2489481
4.4,2.6616461
2.4,3.2038214
2.2,1.6398257
6.6,5.768738
3.5,3.7030742
1.5,0.92649245
8.6,7.7072096
1.0,1.3822154
9.3,7.817619
6.3,7.034452
1.0,0.7211951
1.0,0.97504103
4.7,3.7316208
4.6,5.467052
6.5,5.103632
5.2,5.0788608
2.8,2.6739595
2.3,1.9526141
1.7,3.028777
1.6,2.310074
9.2,7.890694
1.0,2.1578476
1.1,1.3278229
4.2,2.8055153
1.0,0.7994165
8.3,8.114699
9.5,7.0700665
6.3,6.4946065
1.0,1.671548
8.4,8.291598
10.0,7.995668
8.2,6.6749425
1.5,1.2258129
4.3,3.03082
1.0,0.8771989
1.3,0.87452894
4.1,6.0077987
2.1,2.1974027
4.3,4.8974695
1.9,2.0380948
2.8,2.160932
1.0,0.99478513
1.0,0.9265164
2.9,2.413388
3.1,2.883379
5.2,5.5896564
9.8,9.558293
2.5,4.0605
2.1,3.1080234
10.0,9.379282
4.3,7.3281746
1.0,2.5587945
6.4,5.1135707
1.0,0.98239493
4.9,4.1072993
1.0,0.84550923
2.0,2.752188
1.0,0.9204777
1.0,0.94028187
4.3,5.2707353
1.0,1.4705821
2.6,1.9454607
7.4,6.6220164
1.0,1.6238929
10.0,10.327134
1.8,1.8255752
2.8,4.086114
3.7,1.3706183
7.7,6.2856793
1.0,1.0794644
8.7,9.762255
1.0,1.6832763
4.4,2.9565144
4.3,3.957144
3.4,3.7977095
2.6,3.0686922
2.8,3.6886792
10.0,9.991533
2.0,3.6253326
5.6,3.6383438
5.1,1.6594186
2.7,4.4257517
1.0,0.85667944
3.2,4.05583
2.9,2.0803714
1.2,1.7797415
1.4,2.4988146
4.6,4.7767267
3.7,4.1521435
8.4,7.8997936
3.0,5.695264
1.0,1.3607775
1.0,0.95084846
1.0,2.2339358
2.9,3.4733481
2.6,3.2615342
3.6,1.596387
9.4,6.846662
6.8,5.939459
2.3,2.6878192
9.2,7.5846453
1.0,1.468858
1.1,1.6038127
2.9,1.9627453
1.0,1.0317762
4.5,5.4326663
4.3,4.3501005
1.0,1.0456616
6.1,3.4443607
2.8,4.02089
1.0,1.2807375
1.0,1.768093
1.0,1.5732164
1.0,1.6412096
2.5,1.5486683
1.0,1.309531
6.8,8.951779
9.6,8.377902
5.3,5.5273366
2.9,1.7407198
3.3,3.4758894
5.6,4.6218915
6.8,6.7675805
10.0,10.186637
1.0,2.0040128
6.5,3.7094498
1.7,1.9191641
2.0,4.429408
7.0,6.7850704
2.4,2.6082149
2.9,2.4145474
5.8,3.6462662
8.1,6.356001
1.7,2.8078337
1.0,2.520201
1.0,1.6328107
6.1,7.0995626
8.8,8.17948
8.9,7.1967845
3.1,5.4955425
2.6,2.7334979
3.2,4.390508
1.0,1.2656718
7.3,6.452756
1.0,1.3050766
8.5,7.119132
2.7,1.8803598
1.0,1.4577372
9.4,5.610177
6.3,5.1854873
2.1,1.7783363
3.6,3.3568165
5.7,7.5521545
6.8,5.546049
1.0,1.1531279
10.0,9.787717
10.0,10.094566
6.3,5.014671
2.8,2.2290843
7.4,6.417747
7.7,8.041051
5.1,5.947918
1.0,1.3412633
1.0,2.73499
2.7,3.2946732
1.1,2.6364295
5.6,5.481229
5.0,5.022829
2.7,2.0624106
5.7,6.714763
2.3,3.273384
1.0,1.5347115
1.9,1.42668
7.0,6.095646
1.0,1.1760269
3.0,3.2151198
1.0,2.304437
2.4,2.961267
5.1,2.331589
6.2,6.4058037
2.4,4.0635448
1.3,2.162585
1.0,0.90032953
4.0,4.1443634
9.4,6.982325
4.1,3.4024713
3.9,2.8342624
1.0,0.9613113
7.8,7.2452607
5.6,5.178939
1.3,1.412481
10.0,10.869921
6.0,5.654947
1.2,3.042012
1.0,1.0551109
1.0,0.94194704
9.1,8.246524
8.2,7.698498
3.0,1.674895
2.0,2.4729013
9.2,8.214594
2.4,1.9444984
1.0,1.5570984
5.0,5.573831
1.0,1.2581283
2.0,1.8903283
10.0,8.369969
1.6,2.4329224
4.1,5.15886
1.0,1.9076304
2.8,2.8939908
7.6,4.829129
5.7,6.9243245
2.3,1.5343437
3.8,2.1329844
1.9,1.8504807
8.3,4.921446
5.1,5.830811
9.3,6.887238
4.0,2.0919945
1.7,2.2778442
1.0,2.3829682
1.6,2.0960202
7.7,7.5926013
4.9,7.61855
4.5,5.7497973
3.5,4.7441106
6.9,5.6387606
1.0,1.1642709
1.0,1.4224164
6.2,6.4129806
10.0,8.684315
1.0,1.1691947
2.9,3.7115784
1.0,1.8539839
5.7,5.2356033
4.3,6.867869
7.7,6.8722243
3.0,4.55897
1.0,1.0243683
7.0,5.539807
1.0,1.6686924
3.9,1.6562049
5.2,5.3188596
1.0,2.5573971
1.0,1.1773537
5.3,4.8522453
2.3,2.5481431
8.0,8.952245
2.9,2.4115956
1.2,1.5464723
1.0,1.2433794
1.5,1.6307881
4.3,3.9153302
4.5,3.036749
3.7,1.2311351
4.2,3.210836
5.4,4.957506
6.7,5.1641903
4.1,5.242302
7.1,6.8336797
1.0,0.83760166
1.0,1.3213145
4.7,1.8749282
1.0,1.1250333
6.5,4.1728497
2.6,5.1851864
1.0,1.286122
7.2,5.7787557
4.6,2.4058259
1.0,1.1692631
5.4,5.505676
1.0,1.4229692
1.0,1.3215337
4.7,6.3461123
1.4,2.261156
5.0,3.3399389
1.0,1.4422666
5.7,5.237719
1.0,1.207301
5.6,6.5285873
4.3,6.1425076
6.1,2.6711583
4.3,6.7233257
2.5,1.0412369
8.5,6.5061126
2.2,4.829999
3.5,4.1325755
1.0,0.9846899
1.0,1.4375832
1.0,1.462703
8.8,8.951691
1.0,1.0960912
1.4,2.218799
7.9,5.389009
1.8,2.3631523
3.0,2.3917766
1.0,1.3392881
1.6,3.2665536
1.0,0.76714194
5.7,6.7891264
1.0,1.7036409
6.1,4.921379
1.0,1.4109993
1.0,1.2656713
8.0,9.970902
6.6,7.0800185
6.4,8.465806
1.3,1.7792456
1.5,2.6184037
8.4,8.304191
1.0,1.0993067
10.0,6.978519
9.4,9.667522
6.9,6.731303
1.2,1.3052714
3.5,3.6245377
6.1,8.6103
1.4,1.8256332
3.0,4.2700057
1.0,1.4320115
3.6,3.7499957
1.0,0.9297977
2.3,3.4076886
9.6,6.2555065
1.0,1.3287686
5.0,5.526493
1.9,3.1881783
2.4,4.3579984
8.6,8.626964
2.4,2.6762726
4.6,3.0489495
9.8,6.4592814
8.6,7.828858
1.5,1.8834097
1.0,1.0643129
7.8,5.472227
1.0,1.0316585
7.5,7.5056934
3.9,4.6195807
7.1,6.996139
3.8,3.5509858
1.0,1.0392959
1.0,0.64991224
1.0,1.1556093
1.9,1.4694458
3.1,2.5162885
1.0,1.1317625
4.6,7.0353713
1.0,0.9053471
1.0,1.567476
3.2,3.934134
2.2,2.5808933
10.0,9.791456
1.0,1.5007114
6.9,4.075623
2.3,2.5877109
1.6,1.550003
4.5,3.6422508
1.0,2.1458437
1.0,1.1899699
9.2,8.510455
8.9,6.451102
1.9,1.300779
4.7,3.9604342
1.0,1.3002471
4.5,2.7461362
6.6,6.026781
8.4,7.9533434
2.6,5.307414
9.0,8.6609535
1.0,1.0204853
1.0,1.3367127
5.8,3.5907276
6.4,7.3574324
4.5,4.79928
2.0,2.840375
1.0,2.983596
3.5,6.820897
3.6,2.6786597
1.0,1.3189001
4.9,3.7133358
1.0,0.91687655
1.0,1.0776852
2.7,2.0280972
1.7,1.6431096
3.1,6.5754247
2.5,2.3583226
4.4,4.9906306
6.3,5.3611035
8.4,8.192984
1.0,0.9752665
9.4,9.130919
3.3,4.1478367
8.8,7.9882855
3.8,3.0872056
1.0,1.2956536
1.1,1.5120702
5.8,6.591318
1.0,3.161828
1.6,3.4081318
5.2,4.469198
3.4,2.2556653
2.2,1.3996152
2.2,2.1774657
1.3,2.4591174
1.8,1.8641945
6.9,4.3762913
2.4,1.8678458
3.1,3.2478814
10.0,8.401794
3.9,2.365277
5.3,6.542337
2.2,1.8551874
2.5,1.1582979
7.4,7.1644855
1.0,2.375222
8.7,9.714192
6.2,5.9699955
10.0,9.776977
3.7,2.8146877
8.4,8.414612
1.0,1.4078804
4.1,3.4479613
2.4,1.6240891
1.0,1.2197685
1.0,1.2829157
2.2,3.5587738
6.0,7.1891565
1.0,1.3418623
5.7,4.144352
5.3,4.7902455
1.0,1.0234306
4.5,5.428005
6.2,6.8372602
5.3,6.7728205
1.0,1.1057165
1.8,1.1413625
3.1,2.8265977
1.0,1.5374563
1.3,1.9721981
5.5,6.3119917
6.4,4.2210946
6.4,5.7521386
1.0,1.8421875
10.0,8.67582
3.9,3.790187
1.0,1.0569652
8.1,4.3513403
1.0,3.5043278
1.2,0.9752008
1.0,0.9620259
