Zmienna,Random Forest,XGBoost
Czas korzystania z telefonu,0.5513615237042456,0.20337835
Chronotyp,0.1822365541109718,0.52562505
Typ pracy,0.06460799341049697,0.12338367
Kofeina po 17:00,0.052430442115301824,0.026922587
Jasność ekranu,0.04516055960889648,0.012374663
Aktywność fizyczna,0.03231251590996351,0.0061171697
Wiek,0.030335940384867553,0.00558813
Aplikacja przed snem,0.02657581005821755,0.06724687
Płeć,0.0075295302051896305,0.014481878
Filtr światła niebieskiego,0.007449130491849002,0.014881634
